{
  "protein_input": "AMPK",
  "start_time": "2026-01-08T20:48:25.050136",
  "steps": {
    "structure_search": {
      "status": "success",
      "protein_input": "AMPK",
      "protein_name": "AMPK",
      "pdb_id": "2UV4",
      "pdb_path": "C:\\Users\\Administrator\\Desktop\\Clones\\DrugsWindows\\proteins\\2UV4.pdb"
    },
    "ramachandran": {
      "status": "success",
      "csv_files_count": 2,
      "img_files_count": 4
    },
    "protein_preparation": {
      "status": "success"
    },
    "binding_sites": {
      "status": "success"
    },
    "docking": {
      "status": "failed",
      "error": "Docking failed or no results"
    },
    "admet": {
      "status": "success"
    }
  },
  "pipeline_status": "completed",
  "end_time": "2026-01-08T20:50:32.728106"
}