{
  "protein_input": "AMPK",
  "start_time": "2026-01-08T20:12:29.468574",
  "steps": {
    "structure_search": {
      "status": "success",
      "protein_input": "AMPK",
      "protein_name": "AMPK",
      "pdb_id": "2UV4",
      "pdb_path": "C:\\Users\\Administrator\\Desktop\\Clones\\DrugsWindows\\proteins\\2UV4.pdb"
    },
    "ramachandran": {
      "status": "success",
      "csv_files_count": 2,
      "img_files_count": 4
    },
    "protein_preparation": {
      "status": "success"
    },
    "binding_sites": {
      "status": "success"
    },
    "docking": {
      "status": "success",
      "csv_file": "AMPK_dock\\AMPK\\05_molecular_docking\\docking_summary.csv",
      "num_high_affinity_poses": 20
    },
    "admet": {
      "status": "failed"
    }
  },
  "pipeline_status": "completed",
  "end_time": "2026-01-08T20:20:08.215978"
}