Ram Plot Analysis
JobID,my_analysis_folder,2026-01-08 20:48:53.427746
Total Residue,283
Ramachandran plot (Standard) statistics
Favoured: ,273,(96.466%)
Allowed: ,6,(2.12%)
Disallowed: ,4,(1.413%)
Disallowed Residues
SN.,PDB ID,Chain,Residue,Residue No,PHI,PSI
1. ,2UV4_swiss_model,A,HIS,98,-54.43,-3.44
2. ,2UV4,A,GLY,199,123.86,171.57
3. ,2UV4_swiss_model,A,GLY,26,129.29,179.61
4. ,2UV4_swiss_model,A,GLY,102,89.02,175.66
Ramachandran plot (six categories) statistics
Favoured: ,279,(98.587%)
Allowed: ,3,(1.06%)
Disallowed: ,1,(0.353%)
Disallowed Residues
SN.,PDB ID,Chain,Residue,Residue No,PHI,PSI
1. ,2UV4_swiss_model,A,HIS,98,-54.43,-3.44
