Ram Plot Analysis
JobID,my_analysis_folder,2026-01-08 20:00:58.536086
Total Residue,1043
Ramachandran plot (Standard) statistics
Favoured: ,1004,(96.261%)
Allowed: ,23,(2.205%)
Disallowed: ,16,(1.534%)
Disallowed Residues
SN.,PDB ID,Chain,Residue,Residue No,PHI,PSI
1. ,3EYG_swiss_model,A,THR,231,-77.1,-148.74
2. ,3EYG_swiss_model,A,HIS,232,97.18,-23.21
3. ,3EYG,A,GLY,942,164.4,-162.77
4. ,3EYG,A,GLY,962,77.77,-161.33
5. ,3EYG,A,GLY,1093,97.12,143.29
6. ,3EYG_swiss_model,A,GLY,78,166.12,-158.35
7. ,3EYG_swiss_model,A,GLY,85,120.58,-15.46
8. ,3EYG_swiss_model,A,GLY,229,135.83,137.72
9. ,3EYG_swiss_model,A,GLY,247,101.55,-0.37
10. ,4LPK,A,GLY,10,144.11,168.45
11. ,4LPK,A,GLY,15,112.54,30.61
12. ,4LPK,B,GLY,10,148.98,165.91
13. ,4LPK,B,GLY,13,96.34,3.06
14. ,4LPK,B,GLY,15,111.87,34.12
15. ,4LPK_swiss_model,A,GLY,11,140.9,159.09
16. ,4LPK_swiss_model,A,GLY,16,99.48,31.01
Ramachandran plot (six categories) statistics
Favoured: ,1027,(98.466%)
Allowed: ,13,(1.246%)
Disallowed: ,3,(0.288%)
Disallowed Residues
SN.,PDB ID,Chain,Residue,Residue No,PHI,PSI
1. ,3EYG_swiss_model,A,THR,231,-77.1,-148.74
2. ,3EYG_swiss_model,A,HIS,232,97.18,-23.21
3. ,3EYG_swiss_model,A,GLY,233,54.74,-98.42
