ligand,pocket,pose_number,binding_energy,center_x,center_y,center_z,pdb_file,interaction_image
SKNKS-11,pocket1,1,-9.119,1.6256,4.4828,8.3202,docking_results\pdb\SKNKS-11_pocket1_ligand_poses.pdb,docking_results\pdb\SKNKS-11_pocket1_complex_interactions.png
SKNKS-11,pocket1,2,-9.072,1.6256,4.4828,8.3202,docking_results\pdb\SKNKS-11_pocket1_ligand_poses.pdb,docking_results\pdb\SKNKS-11_pocket1_complex_interactions.png
SKNKS-11,pocket1,3,-8.905,1.6256,4.4828,8.3202,docking_results\pdb\SKNKS-11_pocket1_ligand_poses.pdb,docking_results\pdb\SKNKS-11_pocket1_complex_interactions.png
SKNKS-12,pocket1,1,-9.074,1.6256,4.4828,8.3202,docking_results\pdb\SKNKS-12_pocket1_ligand_poses.pdb,docking_results\pdb\SKNKS-12_pocket1_complex_interactions.png
SKNKS-12,pocket1,2,-8.95,1.6256,4.4828,8.3202,docking_results\pdb\SKNKS-12_pocket1_ligand_poses.pdb,docking_results\pdb\SKNKS-12_pocket1_complex_interactions.png
SKNKS-12,pocket1,3,-8.587,1.6256,4.4828,8.3202,docking_results\pdb\SKNKS-12_pocket1_ligand_poses.pdb,docking_results\pdb\SKNKS-12_pocket1_complex_interactions.png
SKNKS-13,pocket1,1,-9.803,1.6256,4.4828,8.3202,docking_results\pdb\SKNKS-13_pocket1_ligand_poses.pdb,docking_results\pdb\SKNKS-13_pocket1_complex_interactions.png
SKNKS-13,pocket1,2,-9.742,1.6256,4.4828,8.3202,docking_results\pdb\SKNKS-13_pocket1_ligand_poses.pdb,docking_results\pdb\SKNKS-13_pocket1_complex_interactions.png
SKNKS-13,pocket1,3,-9.572,1.6256,4.4828,8.3202,docking_results\pdb\SKNKS-13_pocket1_ligand_poses.pdb,docking_results\pdb\SKNKS-13_pocket1_complex_interactions.png
SKNKS-14,pocket1,1,-9.669,1.6256,4.4828,8.3202,docking_results\pdb\SKNKS-14_pocket1_ligand_poses.pdb,docking_results\pdb\SKNKS-14_pocket1_complex_interactions.png
SKNKS-14,pocket1,2,-9.368,1.6256,4.4828,8.3202,docking_results\pdb\SKNKS-14_pocket1_ligand_poses.pdb,docking_results\pdb\SKNKS-14_pocket1_complex_interactions.png
SKNKS-14,pocket1,3,-9.236,1.6256,4.4828,8.3202,docking_results\pdb\SKNKS-14_pocket1_ligand_poses.pdb,docking_results\pdb\SKNKS-14_pocket1_complex_interactions.png
SKNKS-15,pocket1,1,-9.23,1.6256,4.4828,8.3202,docking_results\pdb\SKNKS-15_pocket1_ligand_poses.pdb,docking_results\pdb\SKNKS-15_pocket1_complex_interactions.png
SKNKS-15,pocket1,2,-8.986,1.6256,4.4828,8.3202,docking_results\pdb\SKNKS-15_pocket1_ligand_poses.pdb,docking_results\pdb\SKNKS-15_pocket1_complex_interactions.png
SKNKS-15,pocket1,3,-8.644,1.6256,4.4828,8.3202,docking_results\pdb\SKNKS-15_pocket1_ligand_poses.pdb,docking_results\pdb\SKNKS-15_pocket1_complex_interactions.png
SKNKS-16,pocket1,1,-10.03,1.6256,4.4828,8.3202,docking_results\pdb\SKNKS-16_pocket1_ligand_poses.pdb,docking_results\pdb\SKNKS-16_pocket1_complex_interactions.png
SKNKS-16,pocket1,2,-9.696,1.6256,4.4828,8.3202,docking_results\pdb\SKNKS-16_pocket1_ligand_poses.pdb,docking_results\pdb\SKNKS-16_pocket1_complex_interactions.png
SKNKS-16,pocket1,3,-8.993,1.6256,4.4828,8.3202,docking_results\pdb\SKNKS-16_pocket1_ligand_poses.pdb,docking_results\pdb\SKNKS-16_pocket1_complex_interactions.png
SKNKS-17,pocket1,1,-9.486,1.6256,4.4828,8.3202,docking_results\pdb\SKNKS-17_pocket1_ligand_poses.pdb,docking_results\pdb\SKNKS-17_pocket1_complex_interactions.png
SKNKS-17,pocket1,2,-9.156,1.6256,4.4828,8.3202,docking_results\pdb\SKNKS-17_pocket1_ligand_poses.pdb,docking_results\pdb\SKNKS-17_pocket1_complex_interactions.png
SKNKS-17,pocket1,3,-9.125,1.6256,4.4828,8.3202,docking_results\pdb\SKNKS-17_pocket1_ligand_poses.pdb,docking_results\pdb\SKNKS-17_pocket1_complex_interactions.png
SKNKS-18,pocket1,1,-8.909,1.6256,4.4828,8.3202,docking_results\pdb\SKNKS-18_pocket1_ligand_poses.pdb,docking_results\pdb\SKNKS-18_pocket1_complex_interactions.png
SKNKS-18,pocket1,2,-8.747,1.6256,4.4828,8.3202,docking_results\pdb\SKNKS-18_pocket1_ligand_poses.pdb,docking_results\pdb\SKNKS-18_pocket1_complex_interactions.png
SKNKS-18,pocket2,1,-8.464,-7.6487,0.546,1.2128,docking_results\pdb\SKNKS-18_pocket2_ligand_poses.pdb,docking_results\pdb\SKNKS-18_pocket2_complex_interactions.png
SKNKS-19,pocket1,1,-9.592,1.6256,4.4828,8.3202,docking_results\pdb\SKNKS-19_pocket1_ligand_poses.pdb,docking_results\pdb\SKNKS-19_pocket1_complex_interactions.png
SKNKS-19,pocket1,2,-9.211,1.6256,4.4828,8.3202,docking_results\pdb\SKNKS-19_pocket1_ligand_poses.pdb,docking_results\pdb\SKNKS-19_pocket1_complex_interactions.png
SKNKS-19,pocket1,3,-9.055,1.6256,4.4828,8.3202,docking_results\pdb\SKNKS-19_pocket1_ligand_poses.pdb,docking_results\pdb\SKNKS-19_pocket1_complex_interactions.png
SKNKS-20,pocket1,1,-9.248,1.6256,4.4828,8.3202,docking_results\pdb\SKNKS-20_pocket1_ligand_poses.pdb,docking_results\pdb\SKNKS-20_pocket1_complex_interactions.png
SKNKS-20,pocket1,2,-9.168,1.6256,4.4828,8.3202,docking_results\pdb\SKNKS-20_pocket1_ligand_poses.pdb,docking_results\pdb\SKNKS-20_pocket1_complex_interactions.png
SKNKS-20,pocket1,3,-8.728,1.6256,4.4828,8.3202,docking_results\pdb\SKNKS-20_pocket1_ligand_poses.pdb,docking_results\pdb\SKNKS-20_pocket1_complex_interactions.png
