ligand,pocket,pose_number,binding_energy,center_x,center_y,center_z,pdb_file,interaction_image
SKNKS-11,pocket3,1,-8.815,27.5181,19.0307,9.646,docking_results\pdb\SKNKS-11_pocket3_ligand_poses.pdb,docking_results\pdb\SKNKS-11_pocket3_complex_interactions.png
SKNKS-11,pocket1,1,-8.777,16.4435,9.4765,2.7762,docking_results\pdb\SKNKS-11_pocket1_ligand_poses.pdb,docking_results\pdb\SKNKS-11_pocket1_complex_interactions.png
SKNKS-11,pocket1,2,-8.443,16.4435,9.4765,2.7762,docking_results\pdb\SKNKS-11_pocket1_ligand_poses.pdb,docking_results\pdb\SKNKS-11_pocket1_complex_interactions.png
SKNKS-12,pocket3,1,-8.516,27.5181,19.0307,9.646,docking_results\pdb\SKNKS-12_pocket3_ligand_poses.pdb,docking_results\pdb\SKNKS-12_pocket3_complex_interactions.png
SKNKS-12,pocket3,2,-7.665,27.5181,19.0307,9.646,docking_results\pdb\SKNKS-12_pocket3_ligand_poses.pdb,docking_results\pdb\SKNKS-12_pocket3_complex_interactions.png
SKNKS-12,pocket1,1,-7.584,16.4435,9.4765,2.7762,docking_results\pdb\SKNKS-12_pocket1_ligand_poses.pdb,docking_results\pdb\SKNKS-12_pocket1_complex_interactions.png
SKNKS-13,pocket3,1,-9.605,27.5181,19.0307,9.646,docking_results\pdb\SKNKS-13_pocket3_ligand_poses.pdb,docking_results\pdb\SKNKS-13_pocket3_complex_interactions.png
SKNKS-13,pocket1,1,-9.604,16.4435,9.4765,2.7762,docking_results\pdb\SKNKS-13_pocket1_ligand_poses.pdb,docking_results\pdb\SKNKS-13_pocket1_complex_interactions.png
SKNKS-13,pocket3,2,-9.348,27.5181,19.0307,9.646,docking_results\pdb\SKNKS-13_pocket3_ligand_poses.pdb,docking_results\pdb\SKNKS-13_pocket3_complex_interactions.png
SKNKS-14,pocket1,1,-8.915,16.4435,9.4765,2.7762,docking_results\pdb\SKNKS-14_pocket1_ligand_poses.pdb,docking_results\pdb\SKNKS-14_pocket1_complex_interactions.png
SKNKS-14,pocket3,1,-8.906,27.5181,19.0307,9.646,docking_results\pdb\SKNKS-14_pocket3_ligand_poses.pdb,docking_results\pdb\SKNKS-14_pocket3_complex_interactions.png
SKNKS-14,pocket1,2,-8.614,16.4435,9.4765,2.7762,docking_results\pdb\SKNKS-14_pocket1_ligand_poses.pdb,docking_results\pdb\SKNKS-14_pocket1_complex_interactions.png
SKNKS-15,pocket1,1,-8.451,16.4435,9.4765,2.7762,docking_results\pdb\SKNKS-15_pocket1_ligand_poses.pdb,docking_results\pdb\SKNKS-15_pocket1_complex_interactions.png
SKNKS-15,pocket3,1,-8.261,27.5181,19.0307,9.646,docking_results\pdb\SKNKS-15_pocket3_ligand_poses.pdb,docking_results\pdb\SKNKS-15_pocket3_complex_interactions.png
SKNKS-15,pocket3,2,-8.17,27.5181,19.0307,9.646,docking_results\pdb\SKNKS-15_pocket3_ligand_poses.pdb,docking_results\pdb\SKNKS-15_pocket3_complex_interactions.png
SKNKS-16,pocket3,1,-9.52,27.5181,19.0307,9.646,docking_results\pdb\SKNKS-16_pocket3_ligand_poses.pdb,docking_results\pdb\SKNKS-16_pocket3_complex_interactions.png
SKNKS-16,pocket1,1,-9.509,16.4435,9.4765,2.7762,docking_results\pdb\SKNKS-16_pocket1_ligand_poses.pdb,docking_results\pdb\SKNKS-16_pocket1_complex_interactions.png
SKNKS-16,pocket3,2,-9.429,27.5181,19.0307,9.646,docking_results\pdb\SKNKS-16_pocket3_ligand_poses.pdb,docking_results\pdb\SKNKS-16_pocket3_complex_interactions.png
SKNKS-17,pocket3,1,-8.665,27.5181,19.0307,9.646,docking_results\pdb\SKNKS-17_pocket3_ligand_poses.pdb,docking_results\pdb\SKNKS-17_pocket3_complex_interactions.png
SKNKS-17,pocket1,1,-8.626,16.4435,9.4765,2.7762,docking_results\pdb\SKNKS-17_pocket1_ligand_poses.pdb,docking_results\pdb\SKNKS-17_pocket1_complex_interactions.png
SKNKS-17,pocket3,2,-8.558,27.5181,19.0307,9.646,docking_results\pdb\SKNKS-17_pocket3_ligand_poses.pdb,docking_results\pdb\SKNKS-17_pocket3_complex_interactions.png
SKNKS-18,pocket1,1,-9.132,16.4435,9.4765,2.7762,docking_results\pdb\SKNKS-18_pocket1_ligand_poses.pdb,docking_results\pdb\SKNKS-18_pocket1_complex_interactions.png
SKNKS-18,pocket3,1,-9.083,27.5181,19.0307,9.646,docking_results\pdb\SKNKS-18_pocket3_ligand_poses.pdb,docking_results\pdb\SKNKS-18_pocket3_complex_interactions.png
SKNKS-18,pocket3,2,-8.94,27.5181,19.0307,9.646,docking_results\pdb\SKNKS-18_pocket3_ligand_poses.pdb,docking_results\pdb\SKNKS-18_pocket3_complex_interactions.png
SKNKS-19,pocket1,1,-8.823,16.4435,9.4765,2.7762,docking_results\pdb\SKNKS-19_pocket1_ligand_poses.pdb,docking_results\pdb\SKNKS-19_pocket1_complex_interactions.png
SKNKS-19,pocket3,1,-8.785,27.5181,19.0307,9.646,docking_results\pdb\SKNKS-19_pocket3_ligand_poses.pdb,docking_results\pdb\SKNKS-19_pocket3_complex_interactions.png
SKNKS-19,pocket3,2,-8.583,27.5181,19.0307,9.646,docking_results\pdb\SKNKS-19_pocket3_ligand_poses.pdb,docking_results\pdb\SKNKS-19_pocket3_complex_interactions.png
SKNKS-20,pocket3,1,-8.393,27.5181,19.0307,9.646,docking_results\pdb\SKNKS-20_pocket3_ligand_poses.pdb,docking_results\pdb\SKNKS-20_pocket3_complex_interactions.png
SKNKS-20,pocket1,1,-8.346,16.4435,9.4765,2.7762,docking_results\pdb\SKNKS-20_pocket1_ligand_poses.pdb,docking_results\pdb\SKNKS-20_pocket1_complex_interactions.png
SKNKS-20,pocket2,1,-7.516,7.0149,13.3383,7.2522,docking_results\pdb\SKNKS-20_pocket2_ligand_poses.pdb,docking_results\pdb\SKNKS-20_pocket2_complex_interactions.png
