Ram Plot Analysis
JobID,my_analysis_folder,2026-01-08 19:16:33.155141
Total Residue,560
Ramachandran plot (Standard) statistics
Favoured: ,537,(95.893%)
Allowed: ,14,(2.5%)
Disallowed: ,9,(1.607%)
Disallowed Residues
SN.,PDB ID,Chain,Residue,Residue No,PHI,PSI
1. ,3EYG_swiss_model,A,THR,231,-77.1,-148.74
2. ,3EYG_swiss_model,A,HIS,232,97.18,-23.21
3. ,3EYG,A,GLY,942,164.4,-162.77
4. ,3EYG,A,GLY,962,77.77,-161.33
5. ,3EYG,A,GLY,1093,97.12,143.29
6. ,3EYG_swiss_model,A,GLY,78,166.12,-158.35
7. ,3EYG_swiss_model,A,GLY,85,120.58,-15.46
8. ,3EYG_swiss_model,A,GLY,229,135.83,137.72
9. ,3EYG_swiss_model,A,GLY,247,101.55,-0.37
Ramachandran plot (six categories) statistics
Favoured: ,550,(98.214%)
Allowed: ,7,(1.25%)
Disallowed: ,3,(0.536%)
Disallowed Residues
SN.,PDB ID,Chain,Residue,Residue No,PHI,PSI
1. ,3EYG_swiss_model,A,THR,231,-77.1,-148.74
2. ,3EYG_swiss_model,A,HIS,232,97.18,-23.21
3. ,3EYG_swiss_model,A,GLY,233,54.74,-98.42
