Filename,Docking Score,Final Decision,SA Score,QED,hERG,Ames,CYP3A4 Inhibition,CYP2D6 Inhibition,Developability Score
Sotorasib _pocket1_ligand_poses.pdb,-6.91,REJECT (Brenk Alert),3.84,0.36,0.68,0.26,0.5,0.02,0
Sotorasib _pocket2_ligand_poses.pdb,-6.7,REJECT (Brenk Alert),3.84,0.36,0.68,0.26,0.5,0.02,0
Sotorasib_pocket1_ligand_poses.pdb,-6.94,REJECT (Brenk Alert),3.84,0.36,0.68,0.26,0.5,0.02,0
Sotorasib_pocket2_ligand_poses.pdb,-6.68,REJECT (Brenk Alert),3.84,0.36,0.68,0.26,0.5,0.02,0
Upadacitinib_pocket1_ligand_poses.pdb,-7.59,REJECT (hERG High Risk),3.97,0.73,0.84,0.32,0.47,0.11,0
Upadacitinib_pocket2_ligand_poses.pdb,-6.32,REJECT (hERG High Risk),3.97,0.73,0.84,0.32,0.47,0.11,0
Upadacitinib_pocket3_ligand_poses.pdb,-8.12,REJECT (hERG High Risk),3.97,0.73,0.84,0.32,0.47,0.11,0
