{
  "protein_input": "JAK1",
  "start_time": "2026-01-08T20:00:28.263752",
  "steps": {
    "structure_search": {
      "status": "success",
      "protein_input": "JAK1",
      "protein_name": "JAK1",
      "pdb_id": "3EYG",
      "pdb_path": "C:\\Users\\Administrator\\Desktop\\Clones\\DrugsWindows\\proteins\\3EYG.pdb"
    },
    "ramachandran": {
      "status": "success",
      "csv_files_count": 2,
      "img_files_count": 4
    },
    "protein_preparation": {
      "status": "success"
    },
    "binding_sites": {
      "status": "success"
    },
    "docking": {
      "status": "success",
      "csv_file": "JAK1_FDA\\JAK1\\05_molecular_docking\\docking_summary.csv",
      "num_high_affinity_poses": 0
    },
    "admet": {
      "status": "success"
    }
  },
  "pipeline_status": "completed",
  "end_time": "2026-01-08T20:02:22.280346"
}